Date,Rating,Title,Year,IMDB,Note
2023-02-18,4,The Virgin Spring,1960,tt0053976,
2023-02-15,3,Where the Crawdads Sing,2022,tt9411972,
2023-02-11,4,Hibiscus Town,1987,tt0087301,
2023-01-15,3,Kawapperi Mukolitta,2021,tt15181216,
2023-01-08,3,The Fabelmans,2022,tt14208870,
2023-01-02,3,The Banshees of Inisherin,2022,tt11813216,
2022-12-30,3,Entergalactic,2022,tt10687116,
2022-12-28,3,Minions: The Rise of Gru,2022,tt5113044,
2022-12-27,4,Crayon Shin-chan: Mononoke Ninja Chinpuden,2022,tt16410438,
2022-12-25,4,Love Actually,2003,tt0314331,
2022-12-18,3,The Outfit,2022,tt14114802,
2022-12-17,5,The Father,2020,tt10272386,
2022-12-13,4,Triangle of Sadness,2022,tt7322224,
2022-12-11,2,"Monica, O My Darling",2022,tt15128068,
2022-12-10,3,Lady Chatterley's Lover,2022,tt14369780,
2022-12-08,4,All Quiet on the Western Front,2022,tt1016150,
2022-12-03,4,My Missing Valentine,2020,tt13105824,
2022-11-25,2,Detective Conan: The Bride of Halloween,2022,tt19770970,
2022-11-20,3,6/45,2022,tt21800888,
2022-11-18,3,"Good Luck to You, Leo Grande",2022,tt13352968,
2022-11-05,1,Orphan: First Kill,2022,tt11851548,
2022-11-05,4,Mon Oncle,1958,tt0050706,
2022-11-02,5,Aftersun,2022,tt19770238,
2022-10-30,4,Midnight Run,1988,tt0095631,
2022-10-30,4,Pantheon (Season 1),2022,tt11680642,
2022-10-27,4,Broker,2022,tt13056052,
2022-10-22,3,The Passengers of the Night,2022,tt13846402,
2022-10-20,4,The Greatest Beer Run Ever,2022,tt10268488,
2022-10-15,4,Bullet Train,2022,tt12593682,
2022-10-15,3,Shin Ultraman,2022,tt10737918,
2022-10-12,3,High Score,2020,tt12759400,
2022-09-27,2,Scorpio Nights 3,2022,tt21293676,
2022-09-12,4,The Bad Guys,2022,tt8115900,
2022-09-11,3,Man in Love,2021,tt14428606,
2022-08-28,4,Return to Dust,2022,tt17108776,
2022-08-12,3,Lover of the Last Empress,1995,tt0112672,
2022-07-30,3,The Fable,2019,tt8676426,
2022-06-18,3,Be with You,2018,tt8092252,
2022-06-05,3,Inside,2021,tt14544192,
2022-05-29,5,Secret Sunshine,2007,tt0817225,
2022-05-28,2,Untold Scandal,2003,tt0380689,
2022-05-22,3,Secretary,2002,tt0274812,
2022-05-21,4,"Love, Death & Robots Season 3",2022,tt20192958,
2022-05-21,5,"Love, Death & Robots Season 1",2019,tt9561862,
2022-05-14,3,After the rain,2018,tt7637350,
2022-05-13,3,Ganbare Douki-chan,2021,tt15379212,
2022-05-12,3,Miru Tights,2019,tt10711718,
2022-05-03,4,Dragon Quest: Your Story,2019,tt10127562,
2022-05-02,1,After,2019,tt4126476,
2022-04-30,4,Kiki's Delivery Service,1989,tt0097814,
2022-04-23,2,Red Rocket,2021,tt13453006,
2022-04-10,2,SexWorld,1978,tt0127862,
2022-03-19,3,Turning Red,2022,tt8097030,
2022-03-06,3,Drive My Car,2021,tt14039582,
2022-02-27,3,The Asadas,2020,tt9860350,
2022-02-06,3,Blush,2021,tt14460998,
2022-01-23,5,Dune,2021,tt1160419,
2021-12-26,4,Don't Look Up,2021,tt11286314,
2021-12-25,2,8 Bit Christmas,2021,tt11540284,
2021-11-21,4,Free Guy,2021,tt6264654,
2021-11-13,4,Only Yesterday,1991,tt0102587,
2021-11-07,5,Porco Rosso,1992,tt0104652,
2021-11-07,4,Flying Colors,2015,tt4195368,
2021-10-31,3,An Affair,1998,tt0239510,
2021-10-31,4,Mr. Tree,2011,tt2043878,
2021-09-21,2,The Boss Baby: Family Business,2021,tt6932874,
2021-09-20,4,I Fell in Love Like a Flower Bouquet,2021,tt11219254,
2021-09-20,2,The Suicide Squad,2021,tt6334354,
2021-09-19,4,Squid Game,2021,tt10919420,
2021-07-17,5,The General,1926,tt0017925,
2021-07-10,4,Bob le flambeur,1956,tt0047892,
2021-07-05,4,Sunset Blvd.,1950,tt0043014,
2021-07-03,3,The Herdsman,1982,tt0084363,
2021-06-28,3,Console Wars,2020,tt3561990,
2021-06-27,4,Floating Weeds,1959,tt0053390,
2021-06-09,3,FLCL Progressive,2018,tt7112160,
2021-06-08,2,FLCL Alternative,2018,tt7112162,
2021-05-16,5,Cowboy Bebop,1998,tt0213338,
2021-05-09,4,The Soul,2021,tt13598976,
2021-05-09,4,Using,2008,tt1677711,
2021-05-05,1,Detective Chinatown 3,2021,tt10370822,
2021-05-03,4,The Naked Director,2019,tt10477528,
2021-05-02,2,My Love,2021,tt14503918,
2021-05-01,1,Detective Chinatown 3,2021,tt10370822,
2021-04-25,5,Laid-Back Camp,2018,tt7742120,
2021-04-25,2,Curiosa,2019,tt7598076,
2021-04-24,2,Brittany Runs a Marathon,2019,tt7671064,
2021-04-18,4,Nobody,2021,tt7888964,
2021-04-17,4,Nomadland,2020,tt9770150,
2021-04-11,4,Apocalypse Now,1979,tt0078788,
2021-04-09,2,Wonder Woman 1984,2020,tt7126948,
2021-03-31,4,Zack Snyder's Justice League,2021,tt12361974,
2021-03-20,3,Lost in Beijing,2007,tt0949489,
2021-03-14,2,Chloe,2009,tt1352824,
2021-03-06,4,Cast Away,2000,tt0162222,
2021-03-01,3,"The Night Is Short, Walk on Girl",2017,tt6335734,
2021-02-21,4,Palm Springs,2020,tt9484998,
2020-11-30,2,A Young Patriot,2015,tt4079566,
2020-11-22,3,Love,2015,tt3774694,
2020-11-18,2,The Sacrifice,2020,tt13000980,
2020-10-24,3,Dust in the Wind,1986,tt0091406,
2020-10-24,3,From Beijing with Love,1994,tt0109962,
2020-10-18,3,Crash,1996,tt0115964,
2020-10-15,2,Leap,2020,tt10670442,
2020-10-14,3,The Sun Also Rises,2007,tt0769507,
2020-10-07,3,Legend of the Demon Cat,2017,tt6157626,
2020-10-06,3,You and Me,2005,tt0757376,
2020-10-06,4,A Better Tomorrow,1986,tt0092263,
2020-09-20,4,Reply 1988,2015,tt5182866,
2020-08-20,5,Because This Is My First Life,2017,tt7278588,
2020-08-09,3,The Report,2019,tt8236336,
2020-07-29,3,Beastie Boys Story,2020,tt11615290,
2020-07-26,4,The Blues Brothers,1980,tt0080455,
2020-07-23,4,Summer Palace,2006,tt0794374,
2020-07-19,3,Dawn of the Felines,2017,tt6000140,
2020-07-12,4,And Your Bird Can Sing,2018,tt6515458,
2020-07-11,3,Anna,2019,tt7456310,
2020-07-04,5,Nymphomaniac: Volume II,2013,tt2382009,
2020-06-27,4,Nymphomaniac: Volume I,2013,tt1937390,
2020-06-06,3,Wet Woman in the Wind,2016,tt5883008,
2020-05-31,3,The Incredible Hulk,2008,tt0800080,
2020-05-24,5,Ju Dou,1990,tt0099902,
2020-05-12,3,The Dreamers,2003,tt0309987,
2020-05-07,4,The Gentlemen,2020,tt8367814,
2020-04-27,1,Fifty Shades Freed,2018,tt4477536,
2020-04-25,4,Knives Out,2019,tt8946378,
2020-04-19,3,Starlet,2012,tt2035630,
2020-04-12,4,It Feels So Good,2019,tt10747038,
2020-04-06,3,Angel's Egg,1985,tt0208502,
2020-03-22,3,Better Days,2019,tt9586294,
2020-03-15,4,Bangzi Melody,2017,tt7424828,看得出来导演很用心，镜头表达能力很强；电影技巧很丰富，小芬和他爹的那场戏用了镜子，构图非常和谐。还有一些标语和符号的加入，比如排练梆子戏旁边写着“破四旧”；黑白表示现实，彩色却代表了回忆或过去，还是比较另类的；个人理解花生代表的可能是子弹，而花生油则是鲜血；唯一的缺憾是结尾略显仓促。
2020-02-19,4,Jojo Rabbit,2019,tt2584384,摄影很棒。
2020-02-15,4,Chernobyl,2019,tt7366338,
2020-02-09,4,A Sun,2019,tt10883506,
2020-02-08,3,American Beauty,1999,tt0169547,
2020-01-30,4,The Artist,2011,tt1655442,
2020-01-29,3,Youth,2017,tt6654316,
2020-01-28,3,Cheng nan jiu shi,1983,tt0085326,
2020-01-27,4,Life Is Fruity,2017,tt6161512,
2020-01-25,4,Flu,2013,tt2351310,
2020-01-11,5,The Gold Rush,1925,tt0015864,
2020-01-10,4,The Circus,1928,tt0018773,
2020-01-10,4,Train to Busan,2016,tt5700672,
2020-01-09,3,Saving Mr. Wu,2015,tt4819560,
2020-01-08,5,12 Angry Men,1957,tt0050083,
2020-01-08,4,The Grandmaster,2013,tt1462900,
2020-01-07,5,City Lights,1931,tt0021749,
2020-01-07,3,Ferris Bueller's Day Off,1986,tt0091042,
2020-01-07,5,La strada,1954,tt0047528,
2020-01-06,4,The Prestige,2006,tt0482571,
2020-01-05,4,The Green Mile,1999,tt0120689,
2020-01-03,4,Back to the Future Part II,1989,tt0096874,
2020-01-03,5,Back to the Future,1985,tt0088763,
2020-01-02,5,A Perfect World,1993,tt0107808,
2020-01-01,5,The Kid,1921,tt0012349,
2019-12-30,4,Nights of Cabiria,1957,tt0050783,
2019-12-30,5,Eat Drink Man Woman,1994,tt0111797,
2019-12-29,4,Whisper of the Heart,1995,tt0113824,
2019-12-19,4,Joker,2019,tt7286456,
2019-12-16,4,Umimachi Diary,2015,tt3756788,
2019-12-13,3,The Departed,2006,tt0407887,
2019-12-10,4,The Wolf of Wall Street,2013,tt0993846,
2019-12-08,4,The Irishman,2019,tt1302006,
2019-12-05,4,The Life of David Gale,2003,tt0289992,
2019-12-04,3,Revanche,2008,tt1173745,
2019-11-26,3,Tekkonkinkreet,2006,tt0831888,
2019-11-24,3,Suicide Squad,2016,tt1386697,
2019-11-24,5,Once Upon a Time... in Hollywood,2019,tt7131622,
2019-11-19,4,Dallas Buyers Club,2013,tt0790636,
2019-11-17,4,A Beautiful Mind,2001,tt0268978,
2019-11-16,4,Good Boys,2019,tt7343762,
2019-11-16,2,Thirst,2009,tt0762073,
2019-11-12,5,L.A. Confidential,1997,tt0119488,
2019-11-10,4,Unforgiven,1992,tt0105695,
2019-11-09,5,Scarface,1983,tt0086250,
2019-11-09,5,True Grit,2010,tt1403865,
2019-09-15,4,The Cabbie,2000,tt0265107,
2019-08-20,4,John Wick: Chapter 3,2019,tt6146586,
2019-08-18,4,The Bucket List,2007,tt0825232,
2019-08-17,5,Parasite,2019,tt6751668,
2019-08-13,3,The Holy Mountain,1973,tt0071615,
2019-08-11,3,Battle Royale,2000,tt0266308,
2019-08-10,4,Extreme Job,2019,tt9541602,
2019-08-06,4,Hotel Mumbai,2018,tt5461944,
2019-08-05,4,Heidi,2015,tt3700392,
2019-08-04,5,Mr. Donkey,2016,tt6167014,驴得水
2019-08-03,4,Sorry Baby,1999,tt0276329,没玩没了
2019-08-03,4,The Eagle Shooting Heroes,1993,tt0108074,东成西就
2019-08-03,3,The Disappearance of Haruhi Suzumiya,2010,tt1572781,
2019-08-02,4,In the Mood for Love,2000,tt0118694,
2019-08-02,5,Keep Cool,1997,tt0120543,
2019-08-02,3,Shoplifters,2018,tt8075192,
2019-07-31,5,Apart Together,2010,tt1587878,
2019-07-30,4,The Dictator,2012,tt1645170,
2019-07-30,4,John Wick: Chapter 2,2017,tt4425200,
2019-07-29,3,John Wick,2014,tt2911666,
2019-07-28,5,Farewell My Concubine,1993,tt0106332,
2019-07-28,4,Stranger Than Paradise,1984,tt0088184,
2019-07-27,5,Your Name,2016,tt5311514,
2019-07-26,3,Tomb Raider,2018,tt1365519,
2019-07-13,3,Alita: Battle Angel,2019,tt0437086,
2019-06-24,4,Toy Story 4,2019,tt1979376,
2019-06-16,5,The Mirror,1975,tt0072443,
2019-06-07,4,Andhadhun,2018,tt8108198,
2019-05-05,3,The Shadow Play,2018,tt8071308,
2019-05-04,4,Project Gutenberg,2018,tt7183578,
2019-05-03,3,Chronicle of a Blood Merchant,2015,tt3797004,
2019-05-02,4,Avengers: Endgame,2019,tt4154796,
2019-05-01,4,Golden Slumber,2010,tt1413529,
2019-04-28,4,The Upside,2017,tt1987680,
2019-04-20,4,Aquaman,2018,tt1477834,
2019-04-13,4,The New King of Comedy,2019,tt9368628,
2019-04-07,3,Bumblebee,2018,tt4701182,
2019-04-06,3,Pegasus,2019,tt9597190,
2019-03-17,5,Bohemian Rhapsody,2018,tt1727824,
2019-03-16,3,A Star Is Born,2018,tt1517451,
2019-03-12,1,This Is Not What I Expected,2017,tt6772874,
2019-03-12,3,Roma,2018,tt6155172,
2019-03-11,2,Cashback,2006,tt0460740,
2019-03-10,4,Capernaum,2018,tt8267604,
2019-03-06,4,Royal Tramp,1992,tt0104770,
2019-02-25,4,Green Book,2018,tt6966692,
2019-02-24,3,The Turin Horse,2011,tt1316540,
2019-02-24,3,Princess Mononoke,1997,tt0119698,
2019-02-24,3,Venom,2018,tt1270797,
2019-02-24,3,Nightcrawler,2014,tt2872718,
2019-02-23,4,Spider-Man: Into the Spider-Verse,2018,tt4633694,
2019-02-17,4,Perfect Strangers,2016,tt4901306,
2019-02-16,4,Wreck-It Ralph,2012,tt1772341,
2019-02-14,4,Paprika,2006,tt0851578,
2019-02-14,4,Ralph Breaks the Internet,2018,tt5848272,
2019-02-14,2,Pokémon the Movie: Volcanion and the Mechanical Marvel,2016,tt5889204,
2019-02-14,1,Lost in Hong Kong,2015,tt4242158,
2019-02-13,4,Silenced,2011,tt2070649,
2019-02-13,4,The Rock,1996,tt0117500,
2019-02-13,4,Blood Diamond,2006,tt0450259,
2019-02-13,3,Following,1999,tt0154506,
2019-02-12,4,To Live,1994,tt0110081,
2019-02-12,5,Infernal Affairs,2002,tt0338564,
2019-02-11,4,Shadow,2018,tt6864046,
2019-02-11,4,Tokyo Godfathers,2003,tt0388473,
2019-02-10,4,Zootopia,2016,tt2948356,
2019-02-10,5,Still Walking,2008,tt1087578,
2019-02-09,2,The Wandering Earth,2019,tt7605074,
2019-02-09,5,The Invisible Guest,2016,tt4857264,
2019-02-08,4,Brotherhood of Blades,2014,tt4019426,
2019-02-08,3,Bad Genius,2017,tt6788942,
2019-02-07,2,Guns and Roses,2012,tt2393829,
2019-02-05,4,Crazy Alien,2019,tt6660238,
2019-01-24,2,A Cool Fish,2018,tt9282616,
2019-01-23,,Doctor Strange,2016,tt1211837,
2019-01-22,3,Deadpool 2,2018,tt5463162,
2019-01-20,3,Einstein and Einstein,2013,tt3401962,
2019-01-13,,Avengers: Infinity War,2018,tt4154756,
2019-01-12,,Black Panther,2018,tt1825683,
2019-01-05,,Incredibles 2,2018,tt3606756,
2018-12-22,,A City of Sadness,1989,tt0096908,
2018-12-22,5,Life of Pi,2012,tt0454876,
2018-12-05,4,Platform,2001,tt0258885,
2018-12-05,,An Elephant Sitting Still,2018,tt8020896,
2018-11-10,4,Dying to Survive,2018,tt7362036,
2018-11-03,3,Hello Mr. Billionaire,2018,tt8529186,
2018-10-28,,The Secret Life of Walter Mitty,2013,tt0359950,
2018-10-21,,Searching,2018,tt7668870,
2018-10-08,3,Bicycle Thieves,1948,tt0040522,
2018-10-06,5,Dangal,2016,tt5074352,
2018-10-06,4,Big Fish,2003,tt0319061,
2018-10-06,3,The Fate of the Furious,2017,tt4630562,
2018-10-05,2,The Island,2018,tt8755316,
2018-10-05,3,The Seventh Seal,1957,tt0050976,
2018-10-04,4,The Hateful Eight,2015,tt3460252,
2018-10-04,3,The 400 Blows,1959,tt0053198,
2018-10-01,3,Sunny,2011,tt1937339,
2018-09-25,3,Ash Is Purest White,2018,tt7298400,
2018-08-12,,Her Majesty is Fine,1996,tt0184562,
2018-08-12,5,"Back to Back, Face to Face",1994,tt0109235,
2018-08-08,,Watchmen,2009,tt0409459,
2018-07-14,,Isle of Dogs,2018,tt5104604,
2018-06-24,3,Burning,2018,tt7282468,
2018-06-24,3,Survival Family,2017,tt5890000,
2018-06-23,2,Jurassic World: Fallen Kingdom,2018,tt4881806,
2018-06-16,4,Nostalgia,1983,tt0086022,
2018-06-10,2,Detective Chinatown 2,2018,tt7752454,
2018-06-03,3,Taipei Story,1985,tt0089866,
2018-06-02,4,Cell Phone,2003,tt0399650,
2018-05-13,2,Chungking Express,1994,tt0109424,
2018-05-12,5,A Brighter Summer Day,1991,tt0101985,
2018-05-11,3,The Piano in a Factory,2011,tt1723118,
2018-05-11,4,The Troubleshooters,1989,tt0276615,
2018-05-08,4,Deep in the Heart,2014,tt4078856,
2018-05-05,4,Hell or High Water,2016,tt2582782,
2018-05-05,3,The Big Lebowski,1998,tt0118715,
2018-05-01,4,The Dead End,2015,tt4079152,
2018-05-01,3,Duckweed,2017,tt6461514,
2018-04-06,3,Annihilation,2018,tt2798920,
2018-04-05,4,"The Bold, the Corrupt and the Beautiful",2017,tt7479784,
2018-04-03,3,Ready Player One,2018,tt1677720,
2018-03-24,,"You Shoot, I Shoot",2001,tt0312932,
2018-03-18,1,Along with the Gods: The Two Worlds,2017,tt7160070,
2018-03-11,4,"Three Billboards Outside Ebbing, Missouri",2017,tt5027774,
2018-03-03,2,The Shape of Water,2017,tt5580390,
2018-03-03,5,The Great Buddha+,2017,tt7010412,
2018-02-22,3,Helvetica,2007,tt0847817,
2018-02-20,3,City of Rock,2017,tt7339584,
2018-02-19,4,Lady Bird,2017,tt4925292,
2018-02-16,,Detective Chinatown,2015,tt5290882,
2018-02-16,2,Wolf Warrior 2,2017,tt7131870,
2018-02-12,,Phone Booth,2002,tt0183649,
2018-02-04,5,Coco,2017,tt2380307,
2018-01-27,,I Can Speak,2017,tt7342204,
2018-01-13,,Edward Scissorhands,1990,tt0099487,
2018-01-07,5,Blade Runner 2049,2017,tt1856101,
2018-01-01,4,Angels Wear White,2017,tt7205208,
2017-12-30,,It,2017,tt1396484,
2017-12-25,4,A Taxi Driver,2017,tt6878038,
2017-12-16,3,Dunkirk,2017,tt5013056,
2017-12-10,1,Gintama,2017,tt5805470,
2017-12-02,4,The Internet's Own Boy: The Story of Aaron Swartz,2014,tt3268458,
2017-11-03,5,The Revenant,2015,tt1663202,
2017-10-24,,The Godfather,1972,tt0068646,
2017-10-23,4,The Attorney,2013,tt3404140,
2017-09-03,,A Man Called Ove,2015,tt4080728,
2017-08-27,3,Captain Fantastic,2016,tt3553976,
2017-08-27,2,Look Who's Back,2015,tt4176826,
2017-08-19,4,Alien: Covenant,2017,tt2316204,
2017-08-19,,Alien,1979,tt0078748,
2017-07-08,,Kikujiro,1999,tt0199683,
2017-07-05,,Logan,2017,tt3315342,
2017-07-02,2,Into the Wild,2007,tt0758758,
2017-06-25,5,Manchester by the Sea,2016,tt4034228,
2017-06-18,,Coherence,2013,tt2866360,
2017-06-07,,Battleship,2012,tt1440129,
2017-06-07,,Evangelion: 2.0 You Can (Not) Advance,2009,tt0860906,
2017-06-07,,If You Are the One,2008,tt1330607,
2017-06-07,,Call For Love,2007,tt0902249,
2017-06-07,,Despicable Me 2,2013,tt1690953,
2017-06-07,,New Police Story,2004,tt0386005,
2017-06-07,,Goodbye First Love,2011,tt1618447,
2017-06-07,,The Extraordinary Adventures of Adèle Blanc-Sec,2010,tt1179025,
2017-06-07,,Forever Love,2013,tt3068650,
2017-06-07,,Oldboy,2003,tt0364569,
2017-06-07,,Season of the Witch,2011,tt0479997,
2017-06-07,,Ghost in the Shell 2: Innocence,2004,tt0347246,
2017-06-07,,A World Without Thieves,2004,tt0439884,
2017-06-07,,Confessions,2010,tt1590089,
2017-06-07,,Jobs,2013,tt2357129,
2017-06-07,,The Forbidden Kingdom,2008,tt0865556,
2017-06-07,,Chameleon,2008,tt1134828,
2017-06-07,,Beyond the Clouds,1995,tt0114086,
2017-06-07,,"Turn Left, Turn Right",2003,tt0367174,
2017-06-07,,Prometheus,2012,tt1446714,
2017-06-07,,Despicable Me,2010,tt1323594,
2017-06-07,,Mission: Impossible - Ghost Protocol,2011,tt1229238,
2017-06-07,,Green Zone,2010,tt0947810,
2017-06-07,,Ghost in the Shell 2.0,2008,tt1260502,
2017-06-07,,The Banquet,2006,tt0465676,
2017-06-07,,Seven Psychopaths,2012,tt1931533,
2017-06-07,,The Founding of a Republic,2009,tt1438461,
2017-06-07,,Melody,1971,tt0067418,
2017-06-07,,The Garden of Sinners - Chapter 1: Overlooking View,2007,tt1155650,
2017-06-07,,Assembly,2007,tt0881200,
2017-06-07,,Skyfall,2012,tt1074638,
2017-06-07,,E.T. the Extra-Terrestrial,1982,tt0083866,
2017-06-07,,Easy A,2010,tt1282140,
2017-06-07,,Departures,2008,tt1069238,
2017-06-07,,Prince of Persia: The Sands of Time,2010,tt0473075,
2017-06-07,,Snatch,2000,tt0208092,
2017-06-07,,V for Vendetta,2006,tt0434409,
2017-06-07,,The Pink Panther,2006,tt0383216,
2017-06-07,,Rock of Ages,2012,tt1336608,
2017-06-07,,Children Who Chase Lost Voices,2011,tt1839494,
2017-06-07,,Cloud Atlas,2012,tt1371111,
2017-06-07,,Flypaper,2011,tt1541160,
2017-06-07,,Dear Galileo,2009,tt1865460,
2017-06-07,,The A-Team,2010,tt0429493,
2017-06-07,,Cats & Dogs,2001,tt0239395,
2017-06-07,,The Tricky Master,1999,tt0212864,
2017-06-07,,Soul Surfer,2011,tt1596346,
2017-06-07,,Ice Age: Continental Drift,2012,tt1667889,
2017-06-07,,Garfield,2004,tt0356634,
2017-06-07,,Valentine's Day,2010,tt0817230,
2017-06-07,,Winter's Bone,2010,tt1399683,
2017-06-07,,All for the Winner,1990,tt0104147,
2017-06-07,,Clash of the Titans,2010,tt0800320,
2017-06-07,,North by Northwest,1959,tt0053125,
2017-06-07,,Madagascar,2005,tt0351283,
2017-06-07,,The Mask,1994,tt0110475,
2017-06-07,,Rabbit Hole,2010,tt0935075,
2017-06-07,,A Chinese Tall Story,2005,tt0469050,
2017-06-07,,Johnny English,2003,tt0274166,
2017-06-07,,Cinema Paradiso,1988,tt0095765,
2017-06-07,,All About Lily Chou-Chou,2001,tt0297721,
2017-06-07,,Bodyguards and Assassins,2009,tt1403130,
2017-06-07,,Alvin and the Chipmunks: Chipwrecked,2011,tt1615918,
2017-06-07,,Kung Fu Panda 2,2011,tt1302011,
2017-06-07,,The Garden of Sinners - Chapter 2: A Study in Murder (Part 1),2007,tt1155651,
2017-06-07,,A Chinese Ghost Story,2011,tt1861421,
2017-06-07,,Tricky Brains,1991,tt0103328,
2017-06-07,,Fearless,2006,tt0446059,
2017-06-07,,Sixty Million Dollar Man,1995,tt0112446,
2017-06-07,,White House Down,2013,tt2334879,
2017-06-07,,Three Monks,1980,tt0133191,
2017-06-07,,"Lock, Stock and Two Smoking Barrels",1998,tt0120735,
2017-06-07,,"Belphegor, Phantom of the Louvre",2001,tt0214529,
2017-06-07,,Johnny English Reborn,2011,tt1634122,
2017-06-07,,The Garden of Sinners - Chapter 6: Oblivion Recording,2008,tt1343089,
2017-06-07,,Drive Angry,2011,tt1502404,
2017-06-07,,Evangelion: 1.0 You Are (Not) Alone,2007,tt0923811,
2017-06-07,,Fight Back to School,1991,tt0103045,
2017-06-07,,Thor: The Dark World,2013,tt1981115,
2017-06-07,,The Flirting Scholar,1993,tt0108289,
2017-06-07,,Fast & Furious 6,2013,tt1905041,
2017-06-07,,Bunny Drop,2011,tt1672214,
2017-06-07,,Sacrifice,2010,tt1726738,
2017-06-07,,Girlfriend Boyfriend,2012,tt2319760,
2017-06-07,,Fast Five,2011,tt1596343,
2017-06-07,,Toy Story 2,1999,tt0120363,
2017-06-07,,Ghost in the Shell Arise - Border 1: Ghost Pain,2013,tt2636124,
2017-06-07,,Beginning of the Great Revival,2011,tt1699513,
2017-06-07,,Total Recall,2012,tt1386703,
2017-06-07,,Special ID,2013,tt2118775,
2017-06-07,,The Dark Knight Rises,2012,tt1345836,
2017-06-07,,The Internship,2013,tt2234155,
2017-06-07,,House of Flying Daggers,2004,tt0385004,
2017-06-07,,The Expendables 2,2012,tt1764651,
2017-06-07,,Rio,2011,tt1436562,
2017-06-07,,The Twilight Saga: Eclipse,2010,tt1325004,
2017-06-07,,Ghost in the Shell: Stand Alone Complex - Solid State Society,2007,tt0856797,
2017-06-07,,11 Flowers,2011,tt2042432,
2017-06-07,,Ip Man 2,2010,tt1386932,
2017-06-07,,The Curious Case of Benjamin Button,2008,tt0421715,
2017-06-07,,Psycho,1960,tt0054215,
2017-06-07,,The Flowers of War,2011,tt1410063,
2017-06-07,,Indie Game: The Movie,2012,tt1942884,
2017-06-07,,The Garden of Sinners - Chapter 4: The Hollow Shrine,2008,tt1233474,
2017-06-07,,Not One Less,1999,tt0209189,
2017-06-07,,Something Borrowed,2011,tt0491152,
2017-06-07,,Ace Attorney,2012,tt1891974,
2017-06-07,,Mulholland Drive,2001,tt0166924,
2017-06-07,,The Double Life of Véronique,1991,tt0101765,
2017-06-07,,Dead Poets Society,1989,tt0097165,
2017-06-07,,The Expendables,2010,tt1320253,
2017-06-07,,Burn After Reading,2008,tt0887883,
2017-06-07,,Twelve Monkeys,1995,tt0114746,
2017-06-07,,Arthur and the Invisibles,2006,tt0344854,
2017-06-07,,Natural Born Killers,1994,tt0110632,
2017-06-07,,Transformers: Dark of the Moon,2011,tt1399103,
2017-06-07,,Limitless,2011,tt1219289,
2017-06-07,,OMG: Oh My God!,2012,tt2283748,
2017-06-07,,The Tourist,2010,tt1243957,
2017-06-07,,Kung Fu Panda,2008,tt0441773,
2017-06-07,,Rebirth,2011,tt1727825,
2017-06-07,,Puss in Boots: The Three Diablos,2012,tt2268617,
2017-06-07,,It's Kind of a Funny Story,2010,tt0804497,
2017-06-07,,Puss in Boots,2011,tt0448694,
2017-06-07,,Somewhere,2010,tt1421051,
2017-06-07,,Home Alone 3,1997,tt0119303,
2017-06-07,,Brooklyn's Finest,2009,tt1210042,
2017-06-07,,Ghost Rider: Spirit of Vengeance,2011,tt1071875,
2017-06-07,,The Pursuit of Happyness,2006,tt0454921,
2017-06-07,,Kill List,2011,tt1788391,
2017-06-07,,Rob-B-Hood,2006,tt0485976,
2017-06-07,,1911,2011,tt1772230,
2017-06-07,,Home Alone 2: Lost in New York,1992,tt0104431,
2017-06-07,,The Underdog Knight,2008,tt1087906,
2017-06-07,,Will You Still Love Me Tomorrow?,2013,tt2738050,
2017-06-07,,Kung Fu Hustle,2004,tt0373074,
2017-06-07,,American Reunion,2012,tt1605630,
2017-06-07,,The Garden of Sinners - Chapter 3: Remaining Sense of Pain,2008,tt1155652,
2017-06-07,,Painted Skin,2008,tt1055300,
2017-06-07,,Ice Age: A Mammoth Christmas,2011,tt2100546,
2017-06-07,,The Garden of Sinners: Epilogue,2011,tt3868344,
2017-06-07,,Lost on Journey,2010,tt1737237,
2017-06-07,,CJ7: The Cartoon,2010,tt1453967,
2017-06-07,,Monsters University,2013,tt1453405,
2017-06-07,,Secrets of the Heavenly Book,1983,tt6035092,
2017-06-07,,The Great Gatsby,2013,tt1343092,
2017-06-07,,District B13,2004,tt0414852,
2017-06-07,,The Ant Bully,2006,tt0429589,
2017-06-07,,Howl's Moving Castle,2004,tt0347149,
2017-06-07,,Kick-Ass,2010,tt1250777,
2017-06-07,,The Lone Ranger,2013,tt1210819,
2017-06-07,,Sophie's Revenge,2009,tt1303833,
2017-06-07,,King of Comedy,1999,tt0188766,
2017-06-07,,The Bourne Legacy,2012,tt1194173,
2017-06-07,,Star Trek Into Darkness,2013,tt1408101,
2017-06-07,,Initial D,2005,tt0439630,
2017-06-07,,The Garden of Words,2013,tt2591814,
2017-06-07,,Halo 4: Forward Unto Dawn,2012,tt2262308,
2017-06-07,,The Tokyo Trial,2006,tt0884868,
2017-06-07,,Les Misérables,2012,tt1707386,
2017-06-07,,Source Code,2011,tt0945513,
2017-06-07,,The Girl with the Dragon Tattoo,2011,tt1568346,
2017-06-07,,Ghost in the Shell,1995,tt0113568,
2017-06-07,,举起手来！,2003,,
2017-06-07,,Turquoise,2010,tt1731230,
2017-06-07,,The Promise,2005,tt0417976,
2017-06-07,,Life Is Beautiful,1997,tt0118799,
2017-06-07,,Evangelion: 3.0 You Can (Not) Redo,2012,tt0860907,
2017-06-07,,Aftershock,2010,tt1393746,
2017-06-07,,Resident Evil: Damnation,2012,tt1753496,
2017-06-07,,Terminator 2: Judgment Day,1991,tt0103064,
2017-06-07,,The Runaways,2010,tt1017451,
2017-06-07,,Summer Wars,2009,tt1474276,
2017-06-07,,RED,2010,tt1245526,
2017-06-07,,"O Brother, Where Art Thou?",2000,tt0190590,
2017-06-07,,The Book of Eli,2010,tt1037705,
2017-06-07,,The Message,2009,tt1434423,
2017-06-07,,Braveheart,1995,tt0112573,
2017-06-07,,The Hunger Games: Catching Fire,2013,tt1951264,
2017-06-07,,Battle: Los Angeles,2011,tt1217613,
2017-06-07,,Cold War,2012,tt2186715,
2017-06-07,,Rashomon,1950,tt0042876,
2017-06-07,,Just Go with It,2011,tt1564367,
2017-06-07,,Frankenweenie,2012,tt1142977,
2017-06-07,,Diary of a Wimpy Kid,2010,tt1196141,
2017-06-07,,City of God,2002,tt0317248,
2017-06-07,,The Kid with a Bike,2011,tt1827512,
2017-06-07,,Rain Man,1988,tt0095953,
2017-06-07,,Starry Starry Night,2011,tt2084098,
2017-06-07,,One Flew Over the Cuckoo's Nest,1975,tt0073486,
2017-06-07,,Alice in Wonderland,2010,tt1014759,
2017-06-07,,Ace Ventura: Pet Detective,1994,tt0109040,
2017-06-07,,The Spy Next Door,2010,tt1273678,
2017-06-07,,Step Up 3D,2010,tt1193631,
2017-06-07,,Rise of the Planet of the Apes,2011,tt1318514,
2017-06-07,,The God of Cookery,1996,tt0116426,
2017-06-07,,Pirates of the Caribbean: At World's End,2007,tt0449088,
2017-06-07,,Men in Black II,2002,tt0120912,
2017-06-07,,The Bang Bang Club,2010,tt1173687,
2017-06-07,,Pirates of the Caribbean: On Stranger Tides,2011,tt1298650,
2017-06-07,,Special Forces,2011,tt1656192,
2017-06-07,,Seven Samurai,1954,tt0047478,
2017-06-07,,Secret,2007,tt1037850,
2017-06-07,,Goodbye to Our Kindergarten,2011,tt1831754,
2017-06-07,,Home Alone,1990,tt0099785,
2017-06-07,,The Beaver,2011,tt1321860,
2017-06-07,,The Garden of Sinners - Chapter 7: A Study in Murder (Part 2),2009,tt1345776,
2017-06-07,,Curse of the Golden Flower,2006,tt0473444,
2017-06-07,,Welcome to Shama Town,2010,tt1929278,
2017-06-07,,King of Beggars,1992,tt0100963,
2017-06-07,,Elysium,2013,tt1535108,
2017-06-07,,"A Woman, a Gun and a Noodle Shop",2009,tt1428556,
2017-06-07,,Men in Black 3,2012,tt1409024,
2017-06-07,,The Garden of Sinners - Chapter 5: Paradox Spiral,2008,tt1278060,
2017-06-07,,Detective Dee and the Mystery of the Phantom Flame,2010,tt1123373,
2017-06-06,,Terminator Genisys,2015,tt1340138,
2017-06-06,,300: Rise of an Empire,2014,tt1253863,
2017-06-06,,Crazy Racer,2009,tt0851515,
2017-06-06,,2001: A Space Odyssey,1968,tt0062622,
2017-06-06,,Salt,2010,tt0944835,
2017-06-06,,Minions,2015,tt2293640,
2017-06-06,,Ryuzo and the Seven Henchmen,2015,tt4176776,
2017-06-06,,Fantastic Beasts and Where to Find Them,2016,tt3183660,
2017-06-06,,Avalon,2001,tt0267287,
2017-06-06,,Sin City: A Dame to Kill For,2014,tt0458481,
2017-06-06,,The Incredibles,2004,tt0317705,
2017-06-06,2,Chronicles of the Ghostly Tribe,2015,tt4819498,
2017-06-06,,Ant-Man,2015,tt0478970,
2017-06-06,4,No Country for Old Men,2007,tt0477348,
2017-06-06,,Zatoichi,2003,tt0363226,
2017-06-06,,GoodFellas,1990,tt0099685,
2017-06-06,,Goodbye to Language,2014,tt2400275,
2017-06-06,,Ted,2012,tt1637725,
2017-06-06,,The Animatrix,2003,tt0328832,
2017-06-06,2,The Fault in Our Stars,2014,tt2582846,
2017-06-06,,Dearest,2014,tt3752930,
2017-06-06,2,Call of Heroes,2016,tt5842624,
2017-06-06,,The Hobbit: An Unexpected Journey,2012,tt0903624,
2017-06-06,5,The Wedding Banquet,1993,tt0107156,
2017-06-06,,A Story of Yonosuke,2013,tt2151915,
2017-06-06,5,Akira,1988,tt0094625,
2017-06-06,,Taken 3,2014,tt2446042,
2017-06-06,,22 Jump Street,2014,tt2294449,
2017-06-06,4,Brother,2000,tt0222851,
2017-06-06,,The Final Master,2015,tt4851640,
2017-06-06,,Blue Jasmine,2013,tt2334873,
2017-06-06,5,Billy Lynn's Long Halftime Walk,2016,tt2513074,
2017-06-06,,The Lego Movie,2014,tt1490017,
2017-06-06,4,Millennium Actress,2002,tt0291350,
2017-06-06,,True Romance,1993,tt0108399,
2017-06-06,,Ender's Game,2013,tt1731141,
2017-06-06,2,The Witness,2015,tt4979652,
2017-06-06,,Lost Highway,1997,tt0116922,
2017-06-06,,Argo,2012,tt1024648,
2017-06-06,3,Begin Again,2013,tt1980929,
2017-06-06,,The Assassination of Jesse James by the Coward Robert Ford,2007,tt0443680,
2017-06-06,,The Taking of Tiger Mountain,2014,tt3950078,
2017-06-06,,Frank,2014,tt1605717,
2017-06-06,,The Shining,1980,tt0081505,
2017-06-06,,Dawn of the Planet of the Apes,2014,tt2103281,
2017-06-06,,Under the Skin,2014,tt1441395,
2017-06-06,,Primal Fear,1996,tt0117381,
2017-06-06,,The Myth,2005,tt0365847,
2017-06-06,,8½,1963,tt0056801,
2017-06-06,,Late Spring,1949,tt0041154,
2017-06-06,,Ikiru,1952,tt0044741,
2017-06-06,,Cow,2009,tt1500703,
2017-06-06,,Lolita,1962,tt0056193,
2017-06-06,,Furious 7,2015,tt2820852,
2017-06-06,,Whiplash,2014,tt2582802,
2017-06-06,,Non-Stop,2014,tt2024469,
2017-06-06,,The Handmaiden,2016,tt4016934,
2017-06-06,,The Wolverine,2013,tt1430132,
2017-06-06,,Avatar,2009,tt0499549,
2017-06-06,,Fargo,1996,tt0116282,
2017-06-06,5,Once Upon a Time in America,1984,tt0087843,
2017-06-06,,Jurassic World,2015,tt0369610,
2017-06-06,,Death Proof,2007,tt1028528,
2017-06-06,,A Clockwork Orange,1971,tt0066921,
2017-06-06,,Straight Outta Compton,2015,tt1398426,
2017-06-06,,Rango,2011,tt1192628,
2017-06-06,,Star Trek Beyond,2016,tt2660888,
2017-06-06,3,Lost in Thailand,2012,tt2459022,
2017-06-06,2,Grimsby,2016,tt3381008,
2017-06-06,,Who Am I?,1998,tt0127357,
2017-06-06,,The Lord of the Rings: The Fellowship of the Ring,2001,tt0120737,
2017-06-06,,Kung Fury,2015,tt3472226,
2017-06-06,,Wild Tales,2014,tt3011894,
2017-06-06,,Journey to the West: Conquering the Demons,2013,tt2017561,
2017-06-06,2,Time Raiders,2016,tt5354664,
2017-06-06,,The Hobbit: The Battle of the Five Armies,2014,tt2310332,
2017-06-06,5,Pickpocket,1997,tt0144020,
2017-06-06,,The Purple Rose of Cairo,1985,tt0089853,
2017-06-06,,Outrage,2010,tt1462667,
2017-06-06,4,Ida,2013,tt2718492,
2017-06-06,,Personal Tailor,2013,tt2992152,
2017-06-06,4,Ocean Waves,1993,tt0108432,
2017-06-06,,Godzilla,2014,tt0831387,
2017-06-06,2,Point Break,2015,tt2058673,
2017-06-06,,Stand by Me Doraemon,2014,tt3331846,
2017-06-06,,Free to Play,2014,tt3203290,
2017-06-06,5,Perfect Blue,1997,tt0156887,
2017-06-06,5,Fantastic Mr. Fox,2009,tt0432283,
2017-06-06,,Trainspotting,1996,tt0117951,
2017-06-06,3,The Little Prince,2015,tt1754656,
2017-06-06,3,Sex and Zen II,1996,tt0117605,
2017-06-06,,Annie Hall,1977,tt0075686,
2017-06-06,5,Tokyo Story,1953,tt0046438,
2017-06-06,,From Dusk Till Dawn,1996,tt0116367,
2017-06-06,5,Boyhood,2014,tt1065073,
2017-06-06,,The White Haired Witch of Lunar Kingdom,2014,tt3465456,
2017-06-06,,Taxi Driver,1976,tt0075314,
2017-06-06,,The Sky Crawlers,2008,tt1056437,
2017-06-06,5,Dogville,2003,tt0276919,
2017-06-06,,Mad Max: Fury Road,2015,tt1392190,
2017-06-06,,The Continent,2014,tt3896016,
2017-06-06,,An Autumn Afternoon,1962,tt0056444,
2017-06-06,,Crazy Stone,2006,tt0843270,
2017-06-06,,Minority Report,2002,tt0181689,
2017-06-06,,The Hunger Games: Mockingjay - Part 1,2014,tt1951265,
2017-06-06,4,Birdman,2014,tt2562232,
2017-06-06,,The Young and Prodigious T.S. Spivet,2013,tt1981107,
2017-06-06,3,Raging Bull,1980,tt0081398,
2017-06-06,,Heat,1995,tt0113277,
2017-06-06,,Avengers: Age of Ultron,2015,tt2395427,
2017-06-06,5,The Lives of Others,2006,tt0405094,
2017-06-06,,Edge of Tomorrow,2014,tt1631867,
2017-06-06,3,Inside Llewyn Davis,2013,tt2042568,
2017-06-06,,Jackie Brown,1997,tt0119396,
2017-06-06,,The Social Network,2010,tt1285016,
2017-06-06,,Ted 2,2015,tt2637276,
2017-06-06,,The Matrix Revolutions,2003,tt0242653,
2017-06-06,,Insomnia,2002,tt0278504,
2017-06-06,,Kingsman: The Secret Service,2015,tt2802144,
2017-06-06,5,Kaili Blues,2016,tt4613272,
2017-06-06,,The Hobbit: The Desolation of Smaug,2013,tt1170358,
2017-06-06,,Patlabor: The Movie,1989,tt0100339,
2017-06-06,4,Eternity and a Day,1998,tt0156794,
2017-06-06,,No Man's Land,2013,tt1456660,
2017-06-06,,Crash,2005,tt0375679,
2017-06-06,3,Ocean Flame,2008,tt1232825,
2017-06-06,5,A Separation,2011,tt1832382,
2017-06-06,,Casablanca,1942,tt0034583,
2017-06-06,,The Hunt,2012,tt2106476,
2017-06-06,4,A Confucian Confusion,1994,tt0109685,
2017-06-06,,Sin City,2005,tt0401792,
2017-06-06,,Mr. Six,2015,tt4701702,
2017-06-06,,Ran,1985,tt0089881,
2017-06-06,3,Spectre,2015,tt2379713,
2017-06-06,5,Dog Day Afternoon,1975,tt0072890,
2017-06-06,,Ringu,1998,tt0178868,
2017-06-06,5,The Deer Hunter,1978,tt0077416,
2017-06-06,5,Yi Yi,2000,tt0244316,
2017-06-06,3,Everything You Always Wanted to Know About Sex *But Were Afraid to Ask,1972,tt0068555,
2017-06-06,,Citizen Kane,1941,tt0033467,
2017-06-06,,Eyes Wide Shut,1999,tt0120663,
2017-06-06,,Breakup Buddies,2014,tt3890264,
2017-06-06,,Ugetsu,1953,tt0046478,
2017-06-06,,Interview with the Vampire,1994,tt0110148,
2017-06-06,,The Lord of the Rings: The Two Towers,2002,tt0167261,
2017-06-06,,Little Big Soldier,2010,tt1319718,
2017-06-06,,Captain America: The Winter Soldier,2014,tt1843866,
2017-06-06,,Legends of the Fall,1994,tt0110322,
2017-06-06,,Paths of Glory,1957,tt0050825,
2017-06-06,,Pirates of the Caribbean: The Curse of the Black Pearl,2003,tt0325980,
2017-06-06,,Early Summer,1951,tt0043313,
2017-06-02,,Raped by an Angel 2: The Uniform Fan,1998,tt0278665,
2017-06-02,,The Silence of the Lambs,1991,tt0102926,
2017-06-02,,Warcraft,2016,tt0803096,
2017-06-02,,Reservoir Dogs,1992,tt0105236,
2017-06-02,,Silver Linings Playbook,2012,tt1045658,
2017-06-02,,Guardians of the Galaxy,2014,tt2015381,
2017-06-02,3,The Martian,2015,tt3659388,
2017-06-02,,Pulp Fiction,1994,tt0110912,
2017-06-02,,Batman v Superman: Dawn of Justice,2016,tt2975590,
2017-06-02,,Big Hero 6,2014,tt2245084,
2017-06-02,,Toy Story,1995,tt0114709,
2017-06-02,,The Usual Suspects,1995,tt0114814,
2017-06-02,,Se7en,1995,tt0114369,
2017-06-02,,Kill Bill: Vol. 2,2004,tt0378194,
2017-06-02,4,"Like Father, Like Son",2013,tt2331143,
2017-06-02,,Harry Potter and the Chamber of Secrets,2002,tt0295297,
2017-06-02,,Take Me,1991,tt0102736,
2017-06-02,,Kill Bill: Vol. 1,2003,tt0266697,
2017-06-02,,American History X,1998,tt0120586,
2017-06-02,,The Wasted Times,2016,tt4623812,
2017-06-02,,Cube,1997,tt0123755,
2017-06-02,,Interstellar,2014,tt0816692,
2017-06-02,,Django Unchained,2012,tt1853728,
2017-06-02,,The Matrix Reloaded,2003,tt0234215,
2017-06-02,,Gravity,2013,tt1454468,
2017-06-02,,Gone Girl,2014,tt2267998,
2017-06-02,,101 Proposals,2013,tt1674766,
2017-06-02,,The Imitation Game,2014,tt2084970,
2017-06-02,,Crazy Love,1993,tt0107565,
2017-06-02,,Harry Potter and the Prisoner of Azkaban,2004,tt0304141,
2017-06-02,,Hidden Desire,1991,tt0189802,
2017-06-02,,The Grand Budapest Hotel,2014,tt2278388,
2017-06-02,,Saving Private Ryan,1998,tt0120815,
2017-06-02,,The Matrix,1999,tt0133093,
2017-06-02,,Frozen,2013,tt2294629,
2017-06-02,,Finding Nemo,2003,tt0266543,
2017-06-02,,District 9,2009,tt1136608,
2017-06-02,,Inglourious Basterds,2009,tt0361748,
2017-06-02,,How to Train Your Dragon,2010,tt0892769,
2017-06-02,4,American Sniper,2014,tt2179136,
2017-06-02,,The Pirate Bay: Away from Keyboard,2013,tt2608732,
2017-06-02,,Lucy,2014,tt2872732,
2017-05-31,4,Get Out,2017,tt5052448,
2017-05-31,3,Babel,2006,tt0449467,
2016-10-29,3,Run Lola Run,1998,tt0130827,
2016-10-29,,The Wave,2008,tt1063669,
2015-12-18,,Star Wars: The Force Awakens,2015,tt2488496,
2012-09-26,4,The Expatriate,2012,tt1645155,
2012-09-16,5,Full Metal Jacket,1987,tt0093058,
2012-09-16,5,Fight Club,1999,tt0137523,
2012-09-04,4,The Karate Kid,2010,tt1155076,
2012-09-04,3,Centurion,2010,tt1020558,
2012-09-04,3,Letters to God,2010,tt1462054,
2012-09-04,3,The Bounty Hunter,2010,tt1038919,
2012-08-31,4,Dr. Strangelove or: How I Learned to Stop Worrying and Love the Bomb,1964,tt0057012,
2012-08-31,5,The Chorus,2004,tt0372824,
2012-08-29,3,Flipped,2010,tt0817177,
2012-08-29,4,Love Is Not Blind,2011,tt2115388,
2012-08-24,,The Big Blue,1988,tt0095250,
2012-08-17,4,Lethal Hostage,2012,tt2385138,
2012-08-12,,"Atlantis: End of a World, Birth of a Legend",2011,tt1744825,
2012-08-12,,The Girl Who Leapt Through Time,2006,tt0808506,
2012-06-07,4,Toy Story 3,2010,tt0435761,
2012-06-07,4,Hachi: A Dog's Tale,2009,tt1028532,
2012-06-07,4,The Penguins of Madagascar: Operation,2010,tt1700493,
2012-06-07,4,The Truman Show,1998,tt0120382,
2012-06-07,3,101 Dalmatians,1996,tt0115433,
2012-06-07,2,She's Out of My League,2010,tt0815236,
2012-06-07,4,Let the Bullets Fly,2010,tt1533117,
2012-06-07,3,G-Force,2009,tt0436339,
2012-06-07,4,Mary and Max,2009,tt0978762,
2012-06-07,4,Night at the Museum: Secret of the Tomb,2014,tt2692250,
2012-06-07,3,Paul Blart: Mall Cop,2009,tt1114740,
2012-06-07,4,Jane Eyre,2011,tt1229822,
2012-06-07,3,The Soul of Bread,2012,tt2191861,
2012-06-07,4,Norwegian Wood,2010,tt1270842,
2012-06-07,4,5 Centimeters per Second,2007,tt0983213,
2012-06-07,,A Little Thing Called Love,2010,tt1859438,
2012-06-07,4,If You Are the One 2,2010,tt1810602,
2012-06-07,4,Love in Disguise,2010,tt1646214,
2012-06-07,4,King Kong,2005,tt0360717,
2012-06-07,3,The Hunger Games,2012,tt1392170,
2012-06-07,3,Under the Hawthorn Tree,2010,tt1554523,
2012-06-07,,You Are the Apple of My Eye,2011,tt2036416,
2012-06-07,5,Schindler's List,1993,tt0108052,
2012-06-07,5,3 Idiots,2009,tt1187043,
2012-06-07,4,From Up on Poppy Hill,2011,tt1798188,
2012-06-07,4,Mr. & Mrs. Smith,2005,tt0356910,
2012-06-06,3,The Avengers,2012,tt0848228,
2012-06-06,4,Spirited Away,2001,tt0245429,
2012-06-06,5,My Neighbor Totoro,1988,tt0096283,
2012-06-06,4,Inception,2010,tt1375666,
2012-06-06,5,Léon: The Professional,1994,tt0110413,
2012-06-06,4,Amélie,2001,tt0211915,
2012-06-02,4,Titanic,1997,tt0120338,
2012-06-02,5,A Chinese Odyssey Part One: Pandora's Box,1995,tt0112778,
2012-06-02,5,The Shawshank Redemption,1994,tt0111161,
2012-06-02,5,A Chinese Odyssey Part Two: Cinderella,1995,tt0114996,
2012-06-02,5,WALL·E,2008,tt0910970,
2012-06-02,5,Forrest Gump,1994,tt0109830,
2012-03-02,3,The Lorax,2012,tt1482459,
2012-02-07,4,The Art of Getting By,2011,tt1645080,
2012-01-21,3,Sucker Punch,2011,tt0978764,
2011-12-10,,Ocean's Eleven,2001,tt0240772,
2011-11-27,5,Up,2009,tt1049413,
